S.No,Item,Total Records,Price Variance Records,Total Spend ($),Price Variance Spend,Savings,Price Variance,Recommended Price,Cluster ID,Number of Transactions in the Cluster,Avg Unit Price ($),Avg Quantity,Cluster wise Spend,Cluster wise Saving Potential,Category Name,Purchase Order Vendor Name,Business Unit Name,Buyer ID,Purchase Order Plant Name
1,abc powder fire extinguisher,14,14,28.96K,28.96K,0,FALSE,0,1,13,2.05K,1,26.65K,0,personal protective equipment;pumps;safety equipment,olympic wire & equipment inc,natural gas & power making,grant hugh,sacramento plant
2,abc powder fire extinguisher,14,14,28.96K,28.96K,0,FALSE,0,2,1,2.31K,1,2.31K,0,safety equipment,olympic wire & equipment inc,natural gas & power making,grant hugh,sacramento plant
3,adaptor 5x3mm,40,40,9.46K,6.77K,2695.5,FALSE,0,1,14,13,10,1.91K,0,lab equipment;personal protective equipment,belgian fluid system technologies bvba,natural gas   power making;natural gas & power making,grant hugh,sacramento plant
4,adaptor 5x3mm,40,40,9.46K,6.77K,2695.5,TRUE,13.349999999999998,2,9,18,10,1.69K,486.0000000000001,pumps,belgian fluid system technologies bvba,natural gas & power making,grant hugh,sacramento plant
5,adaptor 5x3mm,40,40,9.46K,6.77K,2695.5,TRUE,13.349999999999998,3,7,23,30,4.85K,2047.5000000000005,safety equipment,belgian fluid system technologies bvba,natural gas & power making,grant hugh,sacramento plant
6,adaptor 5x3mm,40,40,9.46K,6.77K,2695.5,FALSE,0,4,1,11,40,452,0,safety equipment,belgian fluid system technologies bvba,natural gas   power making,grant hugh,sacramento plant
7,adaptor 5x3mm,40,40,9.46K,6.77K,2695.5,TRUE,13.349999999999998,5,9,18,3,562,162.00000000000009,pumps,belgian fluid system technologies bvba,natural gas   power making,grant hugh,sacramento plant
8,anode cathode 6 metre rod,56,56,3.72K,3.21K,509.4,FALSE,0,1,11,14,4,631,0,electronics and electricals;personal protective equipment;safety equipment,olympic wire   equipment inc;olympic wire & equipment inc,natural gas   power making;natural gas & power making,grant hugh,sacramento plant
9,anode cathode 6 metre rod,56,56,3.72K,3.21K,509.4,TRUE,14.35,2,45,17,4,3.09K,509.39999999999975,electronics and electricals;personal protective equipment;safety equipment,olympic wire   equipment inc;olympic wire & equipment inc,natural gas   power making;natural gas & power making,grant hugh,sacramento plant
10,belt wedge 3100mm,13,13,5.85K,5.52K,332.46,FALSE,0,1,7,424,1,2.97K,0,personal protective equipment,cosa instrument corp,natural gas   power making,grant hugh,sacramento plant
11,belt wedge 3100mm,13,13,5.85K,5.52K,332.46,TRUE,424.78,2,6,480,1,2.88K,332.46000000000015,pumps,cosa instrument corp,natural gas   power making,grant hugh,sacramento plant
12,bracket mount switchtwo way,16,16,1.72K,1.72K,0,FALSE,0,1,13,111,1,1.44K,0,pumps;safety equipment,catalyst inc,natural gas   power making,grant hugh,sacramento plant
13,bracket mount switchtwo way,16,16,1.72K,1.72K,0,FALSE,0,2,3,93,1,279,0,electronics and electricals,catalyst inc,natural gas   power making,grant hugh,sacramento plant
14,bushing bronze,11,11,3.81K,3.81K,0,FALSE,0,1,4,66,5,1.32K,0,personal protective equipment;safety equipment,cache valley electric co,natural gas   power making,grant hugh,sacramento plant
15,bushing bronze,11,11,3.81K,3.81K,0,FALSE,0,2,7,70,5,2.48K,0,personal protective equipment,staples canada,natural gas   power making;natural gas & power making,grant hugh,sacramento plant
16,carbon dioxideï¿ fire extinguisher 20l,28,28,105.58K,98.75K,6832.5,FALSE,0,1,4,2.19K,3,26.33K,0,lab equipment,empire group inc,natural gas   power making,grant hugh,sacramento plant
17,carbon dioxideï¿ fire extinguisher 20l,28,28,105.58K,98.75K,6832.5,TRUE,2194.5,2,15,2.65K,1,39.75K,6832.5,lab equipment,olympic wire   equipment inc,natural gas   power making,grant hugh,sacramento plant
18,carbon dioxideï¿ fire extinguisher 20l,28,28,105.58K,98.75K,6832.5,FALSE,0,3,9,2.19K,2,39.50K,0,lab equipment,empire group inc,natural gas   power making,grant hugh,sacramento plant
19,cargo men light weight pants 92 medium,16,16,1.63K,1.63K,0,FALSE,0,1,13,51,2,1.35K,0,testers,integrated protection services ips,natural gas   power making,grant hugh,sacramento plant
20,cargo men light weight pants 92 medium,16,16,1.63K,1.63K,0,FALSE,0,2,3,47,2,282,0,safety equipment,integrated protection services ips,natural gas   power making,grant hugh,sacramento plant
21,cargo men light weight pants 97 medium,31,31,3.11K,2.92K,188.4,FALSE,0,1,11,47,2,1.03K,0,lab equipment;personal protective equipment,integrated protection services ips,natural gas   power making,grant hugh,sacramento plant
22,cargo men light weight pants 97 medium,31,31,3.11K,2.92K,188.4,TRUE,47.08,2,20,51,2,2.07K,188.4000000000001,lab equipment;personal protective equipment,integrated protection services ips,natural gas   power making;natural gas & power making,carlos bars;grant hugh,atlanta plant;sacramento plant
23,cargo men light weight pants 97 small,21,21,2.03K,1.98K,56.52,FALSE,0,1,15,47,2,1.41K,0,other process equipment,integrated protection services ips,natural gas   power making,grant hugh,sacramento plant
24,cargo men light weight pants 97 small,21,21,2.03K,1.98K,56.52,TRUE,47.08,2,6,51,2,621,56.52000000000001,lab equipment;safety equipment,integrated protection services ips,natural gas & power making,grant hugh,sacramento plant
25,cargo men pants  87 medium,17,17,1.70K,1.70K,0,FALSE,0,1,16,48,2,1.56K,0,lab equipment,integrated protection services ips,natural gas   power making;natural gas & power making,grant hugh,sacramento plant
26,cargo men pants  87 medium,17,17,1.70K,1.70K,0,FALSE,0,2,1,48,3,146,0,lab equipment,integrated protection services ips,natural gas & power making,grant hugh,sacramento plant
27,cargo men pants  94 large,11,11,1.04K,1.04K,0,FALSE,0,1,7,48,2,681,0,electronics and electricals,integrated protection services ips,natural gas & power making,grant hugh,sacramento plant
28,cargo men pants  94 large,11,11,1.04K,1.04K,0,FALSE,0,2,4,44,2,354,0,lab equipment,integrated protection services ips,natural gas   power making,grant hugh,sacramento plant
29,cargo men pants 112 small,20,20,1.56K,1.56K,0,FALSE,0,1,14,48,1,681,0,safety equipment,integrated protection services ips,natural gas   power making,carlos bars,atlanta plant
30,cargo men pants 112 small,20,20,1.56K,1.56K,0,FALSE,0,2,6,48,3,876,0,lab equipment;safety equipment,integrated protection services ips,natural gas   power making;natural gas & power making,carlos bars;grant hugh,atlanta plant;sacramento plant
31,chalmit light,19,19,37.75K,37.75K,0,FALSE,0,1,15,1.88K,1,28.16K,0,electronics and electricals;lab equipment;personal protective equipment,cache valley electric co,natural gas   power making,grant hugh,sacramento plant
32,chalmit light,19,19,37.75K,37.75K,0,FALSE,0,2,3,1.93K,1,5.78K,0,electronics and electricals,cache valley electric co,natural gas   power making,grant hugh,sacramento plant
33,chalmit light,19,19,37.75K,37.75K,0,FALSE,0,3,1,1.90K,2,3.80K,0,electronics and electricals,cache valley electric co,natural gas   power making,grant hugh,sacramento plant
34,clamp beam screw set,22,22,9.07K,9.07K,0,FALSE,0,1,11,51,6,3.40K,0,personal protective equipment,cache valley electric co,natural gas   power making;natural gas & power making,grant hugh,sacramento plant
35,clamp beam screw set,22,22,9.07K,9.07K,0,FALSE,0,2,11,51,10,5.67K,0,testers,cache valley electric co,natural gas   power making;natural gas & power making,grant hugh,sacramento plant
36,clamp beam unistrut,22,22,5.69K,5.47K,220.8,TRUE,7.39,1,12,8,20,1.99K,220.80000000000015,personal protective equipment;safety equipment,acaderm inc;cache valley electric co,natural gas   power making;natural gas & power making,grant hugh;tracy collins,sacramento plant;vancouver plant
37,clamp beam unistrut,22,22,5.69K,5.47K,220.8,FALSE,0,2,10,7,50,3.69K,0,other process equipment,acaderm inc;cache valley electric co,natural gas & power making,grant hugh,sacramento plant
38,clamp beam unistrut212l,34,34,11.15K,11.15K,0,FALSE,0,1,22,15,20,6.92K,0,electronics and electricals;lab equipment;personal protective equipment,cache valley electric co,natural gas   power making;natural gas & power making,grant hugh,sacramento plant
39,clamp beam unistrut212l,34,34,11.15K,11.15K,0,FALSE,0,2,2,15,60,1.89K,0,testers,cache valley electric co,natural gas   power making,grant hugh,sacramento plant
40,clamp beam unistrut212l,34,34,11.15K,11.15K,0,FALSE,0,3,5,15,10,786,0,electronics and electricals;lab equipment;personal protective equipment,cache valley electric co,natural gas & power making,grant hugh,sacramento plant
41,clamp beam unistrut212l,34,34,11.15K,11.15K,0,FALSE,0,4,3,15,25,1.18K,0,electronics and electricals,cache valley electric co,natural gas   power making;natural gas & power making,grant hugh,sacramento plant
42,clamp beam unistrut212l,34,34,11.15K,11.15K,0,FALSE,0,5,2,15,12,377,0,pumps,cache valley electric co,natural gas   power making;natural gas & power making,grant hugh,sacramento plant
43,clamp beam unistrut280l,31,31,5.18K,5.18K,0,FALSE,0,1,23,23,6,3.28K,0,personal protective equipment;pumps,cache valley electric co,natural gas   power making;natural gas & power making,grant hugh,sacramento plant
44,clamp beam unistrut280l,31,31,5.18K,5.18K,0,FALSE,0,2,8,23,10,1.90K,0,lab equipment;other process equipment,cache valley electric co,natural gas   power making;natural gas & power making,grant hugh,sacramento plant
45,clamp beam unistrut304,41,41,15.50K,15.50K,0,FALSE,0,1,6,38,1,228,0,other process equipment,cache valley electric co,natural gas & power making,grant hugh,sacramento plant
46,clamp beam unistrut304,41,41,15.50K,15.50K,0,FALSE,0,2,4,38,16,2.48K,0,personal protective equipment;pumps,cache valley electric co,natural gas & power making,grant hugh,sacramento plant
47,clamp beam unistrut304,41,41,15.50K,15.50K,0,FALSE,0,3,6,38,7,1.60K,0,pumps,fluitron inc,natural gas   power making;natural gas & power making,grant hugh,sacramento plant
48,clamp beam unistrut304,41,41,15.50K,15.50K,0,FALSE,0,4,3,38,31,3.54K,0,lab equipment,cache valley electric co,natural gas & power making,grant hugh,sacramento plant
49,clamp beam unistrut304,41,41,15.50K,15.50K,0,FALSE,0,5,22,38,9,7.66K,0,electronics and electricals;lab equipment;pumps;safety equipment,cache valley electric co,natural gas & power making,grant hugh,sacramento plant
50,clamp beam unistrut324 large,55,55,59.24K,59.24K,0,FALSE,0,1,35,55,20,39.00K,0,lab equipment;personal protective equipment;testers,cache valley electric co,natural gas   power making;natural gas & power making,grant hugh,sacramento plant
51,clamp beam unistrut324 large,55,55,59.24K,59.24K,0,FALSE,0,2,5,55,40,11.14K,0,testers,cache valley electric co,natural gas & power making,grant hugh,sacramento plant
52,clamp beam unistrut324 large,55,55,59.24K,59.24K,0,FALSE,0,3,8,55,11,5.01K,0,personal protective equipment,cache valley electric co,natural gas   power making;natural gas & power making,grant hugh,sacramento plant
53,clamp beam unistrut324 large,55,55,59.24K,59.24K,0,FALSE,0,4,1,51,40,2.07K,0,electronics and electricals,cache valley electric co,natural gas & power making,grant hugh,sacramento plant
54,clamp beam unistrut324 large,55,55,59.24K,59.24K,0,FALSE,0,5,6,55,6,2.00K,0,electronics and electricals;personal protective equipment;testers,cache valley electric co,natural gas   power making;natural gas & power making,grant hugh,sacramento plant
55,clean agentï¿½fire extinguisher,18,18,50.75K,43.88K,6876,TRUE,2370,1,6,3.52K,1,21.10K,6876,personal protective equipment,olympic wire & equipment inc,natural gas & power making,grant hugh,sacramento plant
56,clean agentï¿½fire extinguisher,18,18,50.75K,43.88K,6876,FALSE,0,2,6,2.37K,1,14.22K,0,lab equipment;safety equipment,olympic wire & equipment inc,natural gas & power making,grant hugh,sacramento plant
57,clean agentï¿½fire extinguisher,18,18,50.75K,43.88K,6876,FALSE,0,3,1,3.07K,1,3.07K,0,safety equipment,olympic wire & equipment inc,natural gas & power making,grant hugh,sacramento plant
58,clean agentï¿½fire extinguisher,18,18,50.75K,43.88K,6876,FALSE,0,4,2,2.12K,1,4.23K,0,lab equipment,olympic wire & equipment inc,natural gas & power making,grant hugh,sacramento plant
59,clean agentï¿½fire extinguisher,18,18,50.75K,43.88K,6876,FALSE,0,5,3,2.71K,1,8.13K,0,safety equipment,olympic wire & equipment inc,natural gas & power making,grant hugh,sacramento plant
60,cleaning sulphur 20 litres gamlen,36,36,20.91K,20.91K,0,FALSE,0,1,6,183,2,2.20K,0,electronics and electricals;safety equipment,cache valley electric co,natural gas & power making,carlos bars,atlanta plant
61,cleaning sulphur 20 litres gamlen,36,36,20.91K,20.91K,0,FALSE,0,2,24,183,4,17.60K,0,lab equipment;personal protective equipment;pumps,cache valley electric co,natural gas   power making;natural gas & power making,carlos bars,atlanta plant
62,cleaning sulphur 20 litres gamlen,36,36,20.91K,20.91K,0,FALSE,0,3,2,185,1,370,0,lab equipment,cache valley electric co,natural gas   power making,carlos bars,atlanta plant
63,cleaning sulphur 20 litres gamlen,36,36,20.91K,20.91K,0,FALSE,0,4,4,183,1,733,0,other process equipment;pumps,cache valley electric co,natural gas & power making,carlos bars,atlanta plant
64,cleaning sulphur 20 litres redic,74,74,114.10K,101.79K,12312,TRUE,87.75,1,8,215,12,20.74K,12312,electronics and electricals;safety equipment,insource software solutions inc,natural gas & power making,grant hugh,sacramento plant
65,cleaning sulphur 20 litres redic,74,74,114.10K,101.79K,12312,FALSE,0,2,53,94,12,60.07K,0,lab equipment;personal protective equipment;safety equipment;testers,cache valley electric co,natural gas   power making;natural gas & power making,grant hugh,sacramento plant
66,cleaning sulphur 20 litres redic,74,74,114.10K,101.79K,12312,FALSE,0,3,4,74,29,8.62K,0,safety equipment,cache valley electric co,natural gas   power making,grant hugh,sacramento plant
67,cleaning sulphur 20 litres redic,74,74,114.10K,101.79K,12312,FALSE,0,4,6,87,35,18.43K,0,pumps,cache valley electric co,natural gas & power making,grant hugh,sacramento plant
68,cleaning sulphur 20 litres redic,74,74,114.10K,101.79K,12312,FALSE,0,5,3,74,28,6.24K,0,lab equipment,cache valley electric co,natural gas   power making,grant hugh,sacramento plant
69,cleaning sulphur 200 litres redic,10,10,12.65K,12.65K,0,FALSE,0,1,8,699,2,11.20K,0,other process equipment;pumps;safety equipment,cache valley electric co,natural gas   power making,grant hugh,sacramento plant
70,cleaning sulphur 200 litres redic,10,10,12.65K,12.65K,0,FALSE,0,2,2,724,1,1.45K,0,pumps,cache valley electric co,natural gas & power making,grant hugh,sacramento plant
71,cleaning sulphur 5 litres bakerpet,26,26,14.57K,14.57K,0,FALSE,0,1,21,11,48,11.69K,0,safety equipment,cosa instrument corp,natural gas   power making;natural gas & power making,grant hugh,sacramento plant
72,cleaning sulphur 5 litres bakerpet,26,26,14.57K,14.57K,0,FALSE,0,2,5,12,48,2.88K,0,electronics and electricals;safety equipment,cosa instrument corp,natural gas   power making;natural gas & power making,grant hugh,sacramento plant
73,communications devices and accessories,195,195,1.86M,1.86M,0,FALSE,0,1,108,135,24,336.46K,0,personal computing,acer inc ;apple inc ;dell technologies;hp inc ;lenovo group india limited;microsoft corporation ltd ;samsung group,natural gas   power making,beckster;brown;hank,atlanta plant;columbus plant;duncan plant;kansas city plant;ottawa plant;sacramento plant;south carolina;toronto plant;vancouver plant
74,communications devices and accessories,195,195,1.86M,1.86M,0,FALSE,0,2,87,126,140,1.53M,0,personal computing,acer inc ;apple inc ;dell technologies;hp inc ;lenovo group india limited;microsoft corporation ltd ;samsung group,natural gas   power making,beckster;brown;hank,atlanta plant;boston plant;calgary plant;columbus plant;ottawa plant;sacramento plant;south carolina;toronto plant;vancouver plant
75,compund sealing,23,23,19.86K,19.86K,0,FALSE,0,1,11,53,20,11.70K,0,electronics and electricals,cache valley electric co,natural gas & power making,grant hugh,sacramento plant
76,compund sealing,23,23,19.86K,19.86K,0,FALSE,0,2,1,41,48,1.99K,0,pumps,cache valley electric co,natural gas   power making,grant hugh,sacramento plant
77,compund sealing,23,23,19.86K,19.86K,0,FALSE,0,3,8,53,7,2.98K,0,lab equipment;safety equipment,cache valley electric co,natural gas   power making;natural gas & power making,grant hugh,sacramento plant
78,compund sealing,23,23,19.86K,19.86K,0,FALSE,0,4,1,53,48,2.55K,0,other process equipment,cache valley electric co,natural gas & power making,grant hugh,sacramento plant
79,compund sealing,23,23,19.86K,19.86K,0,FALSE,0,5,2,53,6,638,0,personal protective equipment,cache valley electric co,natural gas   power making;natural gas & power making,grant hugh,sacramento plant
80,compund sealing butyl rubber,12,12,13.28K,13.28K,0,FALSE,0,1,11,132,9,13.12K,0,safety equipment,cache valley electric co,natural gas   power making;natural gas & power making,grant hugh,sacramento plant
81,compund sealing butyl rubber,12,12,13.28K,13.28K,0,FALSE,0,2,1,165,1,165,0,pumps,cache valley electric co,natural gas & power making,grant hugh,sacramento plant
82,compund sealing flurocarbon,19,19,26.45K,26.45K,0,FALSE,0,1,11,136,14,20.99K,0,lab equipment,cache valley electric co,natural gas   power making;natural gas & power making,grant hugh,sacramento plant
83,compund sealing flurocarbon,19,19,26.45K,26.45K,0,FALSE,0,2,5,136,6,4.64K,0,lab equipment;other process equipment;pumps,cache valley electric co,natural gas   power making;natural gas & power making,grant hugh,sacramento plant
84,compund sealing flurocarbon,19,19,26.45K,26.45K,0,FALSE,0,3,3,136,2,817,0,lab equipment,cache valley electric co,natural gas & power making,grant hugh,sacramento plant
85,compund sealing silicon,18,18,1.84K,1.84K,0,FALSE,0,1,10,44,3,1.35K,0,lab equipment,cache valley electric co,natural gas   power making;natural gas & power making,grant hugh,sacramento plant
86,compund sealing silicon,18,18,1.84K,1.84K,0,FALSE,0,2,5,44,1,224,0,electronics and electricals,cache valley electric co,natural gas & power making,grant hugh,sacramento plant
87,compund sealing silicon,18,18,1.84K,1.84K,0,FALSE,0,3,3,44,2,269,0,electronics and electricals,cache valley electric co,natural gas & power making,grant hugh,sacramento plant
88,computer equipment and accessories,34,34,3.11M,1.32M,1794154.65,TRUE,11.22837499999999,1,9,21,149,25.89K,10804.56,personal computing,apple inc ;microsoft corporation ltd ;samsung group,natural gas   power making,brown;hank,atlanta plant;calgary plant;sacramento plant
89,computer equipment and accessories,34,34,3.11M,1.32M,1794154.65,TRUE,11.22837499999999,2,6,2.50K,92,1.39M,1385391.91,personal computing,acer inc ;hp inc ;samsung group,natural gas   power making,brown;hank,atlanta plant;calgary plant;ottawa plant;sacramento plant
90,computer equipment and accessories,34,34,3.11M,1.32M,1794154.65,FALSE,0,3,8,11,38,3.67K,0,personal computing,acer inc ;apple inc ;dell technologies;lenovo group india limited;microsoft corporation ltd ;samsung group,natural gas   power making,beckster;brown,calgary plant;ottawa plant;sacramento plant
91,computer equipment and accessories,34,34,3.11M,1.32M,1794154.65,TRUE,11.22837499999999,4,8,2.50K,20,399.75K,397958.18,personal computing,apple inc ;hp inc ;samsung group,natural gas   power making,brown;hank,calgary plant;sacramento plant
92,computer equipment and accessories,34,34,3.11M,1.32M,1794154.65,FALSE,0,5,3,2.50K,172,1.29M,0,personal computing,hp inc ;samsung group,natural gas   power making,beckster;hank,calgary plant;sacramento plant
93,computer services,251,251,293.83K,293.83K,0,FALSE,0,1,98,13,15,20.87K,0,personal computing,acer inc ;apple inc ;dell technologies;hp inc ;lenovo group india limited;microsoft corporation ltd ;samsung group,natural gas   power making,beckster;brown;hank,atlanta plant;boston plant;calgary plant;duncan plant;ottawa plant;sacramento plant;toronto plant
94,computer services,251,251,293.83K,293.83K,0,FALSE,0,2,75,14,86,93.30K,0,personal computing,acer inc ;apple inc ;dell technologies;hp inc ;lenovo group india limited;microsoft corporation ltd ;samsung group,natural gas   power making,beckster;brown;hank,atlanta plant;boston plant;columbus plant;duncan plant;ottawa plant;sacramento plant;toronto plant;vancouver plant
95,computer services,251,251,293.83K,293.83K,0,FALSE,0,3,76,14,155,166.27K,0,personal computing,acer inc ;apple inc ;dell technologies;hp inc ;lenovo group india limited;microsoft corporation ltd ;samsung group,natural gas   power making,beckster;brown;hank,atlanta plant;boston plant;columbus plant;duncan plant;ottawa plant;sacramento plant;toronto plant;vancouver plant
96,computer services,251,251,293.83K,293.83K,0,FALSE,0,4,2,140,49,13.38K,0,personal computing,apple inc ;samsung group,natural gas   power making,brown;hank,sacramento plant
97,coolgard,19,19,1.40K,1.40K,0,FALSE,0,1,5,15,2,150,0,safety equipment,cache valley electric co,natural gas & power making,grant hugh,sacramento plant
98,coolgard,19,19,1.40K,1.40K,0,FALSE,0,2,2,16,20,662,0,personal protective equipment,cache valley electric co,natural gas   power making,grant hugh,sacramento plant
99,coolgard,19,19,1.40K,1.40K,0,FALSE,0,3,3,14,6,257,0,pumps,cache valley electric co,natural gas   power making,grant hugh,sacramento plant
100,coolgard,19,19,1.40K,1.40K,0,FALSE,0,4,1,17,12,210,0,electronics and electricals,cache valley electric co,natural gas & power making,grant hugh,sacramento plant
101,coolgard,19,19,1.40K,1.40K,0,FALSE,0,5,8,15,1,120,0,safety equipment,cache valley electric co,natural gas & power making,grant hugh,sacramento plant
102,degreaser neutraliser advanced,18,18,4.22K,4.22K,0,FALSE,0,1,17,35,6,3.59K,0,other process equipment;personal protective equipment;pumps,american dental assn;autarkic holdings inc,natural gas   power making,grant hugh,sacramento plant
103,degreaser neutraliser advanced,18,18,4.22K,4.22K,0,FALSE,0,2,1,35,18,633,0,lab equipment,autarkic holdings inc,natural gas   power making,grant hugh,sacramento plant
104,degreaser neutraliser standard,53,53,23.60K,23.60K,0,FALSE,0,1,17,38,12,7.86K,0,electronics and electricals;lab equipment;pumps,autarkic holdings inc,natural gas   power making;natural gas & power making,grant hugh,sacramento plant
105,degreaser neutraliser standard,53,53,23.60K,23.60K,0,FALSE,0,2,19,35,12,8.11K,0,lab equipment;other process equipment;pumps,american dental assn;autarkic holdings inc,natural gas & power making,grant hugh,sacramento plant
106,degreaser neutraliser standard,53,53,23.60K,23.60K,0,FALSE,0,3,11,37,12,4.98K,0,electronics and electricals,autarkic holdings inc,natural gas   power making;natural gas & power making,grant hugh,sacramento plant
107,degreaser neutraliser standard,53,53,23.60K,23.60K,0,FALSE,0,4,6,36,12,2.65K,0,safety equipment,autarkic holdings inc,natural gas   power making,grant hugh,sacramento plant
108,desktop ram 32gb  ddr4,31,31,1.32M,1.25M,63525,FALSE,0,1,11,121,500,665.50K,0,it hardware,gim computers,natural gas   power making,alex bikim;carla ariel;carlos bars;evan lobo;grant hugh;james perry;kate williams;rex  xiang;selena ryan,boston plant;calgary plant;columbus plant;duncan plant;kansas city plant;newark plant;sacramento plant;south carolina;vancouver plant
109,desktop ram 32gb  ddr4,31,31,1.32M,1.25M,63525,FALSE,0,2,6,110,200,132.00K,0,it hardware,comptechnyc inc,natural gas   power making,alex bikim;kate williams;olivia phills;rex  xiang;rob bert;selena ryan,atlanta plant;boston plant;calgary plant;kansas city plant;south carolina;toronto plant
110,desktop ram 32gb  ddr4,31,31,1.32M,1.25M,63525,TRUE,110,3,11,126,350,487.02K,63525,it hardware,gim computers,natural gas   power making,carla ariel;carlos bars;evan lobo;grant hugh;james perry;olivia phills;rex  xiang;selena ryan,calgary plant;columbus plant;duncan plant;kansas city plant;newark plant;sacramento plant;toronto plant;vancouver plant
111,desktop ram 32gb  ddr4,31,31,1.32M,1.25M,63525,FALSE,0,4,3,104,100,31.35K,0,it hardware,gim computers,natural gas   power making,grant hugh;kate williams;rob bert,calgary plant;ottawa plant;sacramento plant
112,drill twist auto elec 17 by 64 inch,14,14,296,268,28.14,FALSE,0,1,8,3,4,116,0,lab equipment,cache valley electric co,natural gas   power making,grant hugh,sacramento plant
113,drill twist auto elec 17 by 64 inch,14,14,296,268,28.14,TRUE,3.63,2,6,4,7,180,28.139999999999993,lab equipment,cache valley electric co,natural gas & power making,grant hugh,sacramento plant
114,drill twist auto elec 7 by 32 inch,23,23,720,720,0,FALSE,0,1,10,2,10,286,0,electronics and electricals,cache valley electric co,natural gas   power making;natural gas & power making,grant hugh,sacramento plant
115,drill twist auto elec 7 by 32 inch,23,23,720,720,0,FALSE,0,2,8,3,6,148,0,pumps,cache valley electric co,natural gas & power making,grant hugh,sacramento plant
116,drill twist auto elec 7 by 32 inch,23,23,720,720,0,FALSE,0,3,5,2,20,286,0,pumps,cache valley electric co,natural gas   power making,grant hugh,sacramento plant
117,dry battery cell 18v,30,30,4.37K,4.37K,0,FALSE,0,1,23,1,11,415,0,electronics and electricals;lab equipment;other process equipment,cache valley electric co,natural gas   power making,grant hugh,sacramento plant
118,dry battery cell 18v,30,30,4.37K,4.37K,0,FALSE,0,2,2,1,432,1.48K,0,electronics and electricals,cache valley electric co,natural gas   power making,grant hugh,sacramento plant
119,dry battery cell 18v,30,30,4.37K,4.37K,0,FALSE,0,3,3,1,312,1.37K,0,lab equipment;safety equipment,cache valley electric co,natural gas   power making;natural gas & power making,grant hugh,sacramento plant
120,dry battery cell 18v,30,30,4.37K,4.37K,0,FALSE,0,4,2,1,324,1.11K,0,lab equipment,cache valley electric co,natural gas   power making,grant hugh,sacramento plant
121,dry battery cell 6v,181,181,4.79K,4.79K,0,FALSE,0,1,180,0,52,3.97K,0,electronics and electricals;lab equipment;other process equipment;personal protective equipment;pumps;safety equipment;testers,cache valley electric co,natural gas   power making;natural gas & power making,carlos bars;grant hugh,atlanta plant;sacramento plant
122,dry battery cell 6v,181,181,4.79K,4.79K,0,FALSE,0,2,1,0,1.75K,823,0,personal protective equipment,cache valley electric co,natural gas & power making,grant hugh,sacramento plant
123,dry battery cell 9v,77,77,20.44K,18.26K,2180.28,FALSE,0,1,6,0,4,10,0,pumps,cache valley electric co,natural gas & power making,carlos bars,atlanta plant
124,dry battery cell 9v,77,77,20.44K,18.26K,2180.28,TRUE,0.42,2,43,1,47,2.09K,1237.080000000001,electronics and electricals;personal protective equipment;pumps;safety equipment,cache valley electric co,natural gas   power making;natural gas & power making,grant hugh,sacramento plant
125,dry battery cell 9v,77,77,20.44K,18.26K,2180.28,TRUE,0.42,3,8,0,2.36K,8.87K,943.1999999999997,other process equipment;pumps;safety equipment,cache valley electric co,natural gas   power making;natural gas & power making,grant hugh,sacramento plant
126,dry battery cell 9v,77,77,20.44K,18.26K,2180.28,FALSE,0,4,16,0,750,5.04K,0,lab equipment;safety equipment,cache valley electric co,natural gas   power making;natural gas & power making,carlos bars;grant hugh,atlanta plant;sacramento plant
127,dry battery cell 9v,77,77,20.44K,18.26K,2180.28,FALSE,0,5,4,1,1.01K,4.43K,0,pumps,cache valley electric co,natural gas   power making,grant hugh,sacramento plant
128,ear muffs   hat,132,132,12.23K,11.98K,252.72,FALSE,0,1,117,17,4,9.81K,0,lab equipment;other process equipment;personal protective equipment;pumps;safety equipment;testers,olympic wire   equipment inc;olympic wire & equipment inc;plastique sp zoo,natural gas   power making;natural gas & power making,carlos bars;grant hugh,atlanta plant;sacramento plant
129,ear muffs   hat,132,132,12.23K,11.98K,252.72,TRUE,17.750000000000004,2,11,32,1,536,252.71999999999994,lab equipment;safety equipment,olympic wire   equipment inc,natural gas   power making,grant hugh,sacramento plant
130,ear muffs   hat,132,132,12.23K,11.98K,252.72,FALSE,0,3,4,31,15,1.88K,0,electronics and electricals;lab equipment,olympic wire   equipment inc;olympic wire & equipment inc,natural gas   power making;natural gas & power making,grant hugh,sacramento plant
131,ear muffs   neckband,54,54,4.97K,4.97K,0,FALSE,0,1,10,27,1,277,0,other process equipment;safety equipment,olympic wire   equipment inc;plastique sp zoo,natural gas   power making,grant hugh,sacramento plant
132,ear muffs   neckband,54,54,4.97K,4.97K,0,FALSE,0,2,13,28,4,1.49K,0,lab equipment,olympic wire   equipment inc,natural gas   power making,grant hugh,sacramento plant
133,ear muffs   neckband,54,54,4.97K,4.97K,0,FALSE,0,3,17,28,1,688,0,lab equipment;personal protective equipment,olympic wire   equipment inc;olympic wire & equipment inc,natural gas   power making;natural gas & power making,grant hugh,sacramento plant
134,ear muffs   neckband,54,54,4.97K,4.97K,0,FALSE,0,4,1,27,10,277,0,safety equipment,olympic wire & equipment inc,natural gas & power making,grant hugh,sacramento plant
135,ear muffs   neckband,54,54,4.97K,4.97K,0,FALSE,0,5,13,28,6,2.24K,0,other process equipment;safety equipment,olympic wire   equipment inc;olympic wire & equipment inc;plastique sp zoo,natural gas   power making;natural gas & power making,grant hugh,sacramento plant
136,ear muffs   overhead,28,28,5.51K,5.51K,0,FALSE,0,1,5,32,12,1.93K,0,electronics and electricals,olympic wire & equipment inc,natural gas & power making,grant hugh,sacramento plant
137,ear muffs   overhead,28,28,5.51K,5.51K,0,FALSE,0,2,17,27,3,1.72K,0,lab equipment;safety equipment,olympic wire   equipment inc;olympic wire & equipment inc,natural gas   power making;natural gas & power making,grant hugh,sacramento plant
138,ear muffs   overhead,28,28,5.51K,5.51K,0,FALSE,0,3,1,32,33,1.06K,0,pumps,olympic wire & equipment inc,natural gas & power making,grant hugh,sacramento plant
139,ear muffs   overhead,28,28,5.51K,5.51K,0,FALSE,0,4,5,32,5,803,0,pumps,olympic wire   equipment inc,natural gas   power making,grant hugh,sacramento plant
140,ear muffs  folding class 5,103,103,16.74K,13.97K,2767.74,TRUE,24.852272727272727,1,77,34,3,10.17K,2767.742727272725,lab equipment;other process equipment;personal protective equipment;pumps;safety equipment,olympic wire   equipment inc;olympic wire & equipment inc;plastique sp zoo,natural gas   power making;natural gas & power making,grant hugh,sacramento plant
141,ear muffs  folding class 5,103,103,16.74K,13.97K,2767.74,FALSE,0,2,22,24,6,3.69K,0,lab equipment;other process equipment;pumps;safety equipment,cache valley electric co,natural gas   power making;natural gas & power making,grant hugh,sacramento plant
142,ear muffs  folding class 5,103,103,16.74K,13.97K,2767.74,FALSE,0,3,4,34,21,2.87K,0,other process equipment;pumps,olympic wire & equipment inc;plastique sp zoo,natural gas & power making,grant hugh,sacramento plant
143,ear muffs  hat class 2,12,12,6.09K,6.09K,0,FALSE,0,1,5,24,6,746,0,lab equipment,olympic wire   equipment inc,natural gas   power making,grant hugh,sacramento plant
144,ear muffs  hat class 2,12,12,6.09K,6.09K,0,FALSE,0,2,7,24,30,5.35K,0,pumps,olympic wire   equipment inc,natural gas   power making,grant hugh,sacramento plant
145,ear muffs  hat class 5,28,28,12.52K,12.52K,0,FALSE,0,1,24,27,6,4.00K,0,lab equipment;personal protective equipment,olympic wire   equipment inc;olympic wire & equipment inc,natural gas   power making;natural gas & power making,grant hugh,sacramento plant
146,ear muffs  hat class 5,28,28,12.52K,12.52K,0,FALSE,0,2,3,26,100,7.99K,0,electronics and electricals,olympic wire & equipment inc,natural gas & power making,grant hugh,sacramento plant
147,ear muffs  hat class 5,28,28,12.52K,12.52K,0,FALSE,0,3,1,26,20,532,0,personal protective equipment,olympic wire & equipment inc,natural gas & power making,carlos bars,atlanta plant
148,ear muffs folding,91,91,14.66K,14.66K,0,FALSE,0,1,56,27,3,6.02K,0,electronics and electricals;lab equipment;safety equipment,olympic wire   equipment inc;olympic wire & equipment inc,natural gas   power making;natural gas & power making,grant hugh,sacramento plant
149,ear muffs folding,91,91,14.66K,14.66K,0,FALSE,0,2,5,27,16,2.19K,0,lab equipment,olympic wire & equipment inc,natural gas & power making,grant hugh,sacramento plant
150,ear muffs folding,91,91,14.66K,14.66K,0,FALSE,0,3,9,27,10,2.57K,0,lab equipment;other process equipment;personal protective equipment;safety equipment,olympic wire   equipment inc;olympic wire & equipment inc;plastique sp zoo,natural gas   power making;natural gas & power making,grant hugh,sacramento plant
151,ear muffs folding,91,91,14.66K,14.66K,0,FALSE,0,4,13,27,6,2.13K,0,electronics and electricals;lab equipment;pumps;safety equipment,olympic wire   equipment inc;olympic wire & equipment inc,natural gas   power making;natural gas & power making,grant hugh,sacramento plant
152,ear muffs folding,91,91,14.66K,14.66K,0,FALSE,0,5,8,27,8,1.75K,0,electronics and electricals;lab equipment,olympic wire   equipment inc,natural gas   power making,grant hugh,sacramento plant
153,fire extinguisher type bc,315,315,3.04M,2.59M,443441.97,TRUE,2608.2439325842693,1,226,3.94K,1,1.25M,443441.96696629276,personal protective equipment,grainger;jorgensen co.;preferred global equipment;robwen inc;w w  grainger;w.w. grainger,natural gas   power making;natural gas & power making,rob bert,calgary plant
154,fire extinguisher type bc,315,315,3.04M,2.59M,443441.97,FALSE,0,2,89,2.61K,7,1.78M,0,personal protective equipment,experitec inc   experitec  inc ;experitec inc   experitec- inc.;fastnel;fastnel industrial supplies;grainger;preferred global equipment;w w  grainger;w.w. grainger,natural gas   power making;natural gas & power making,rob bert,calgary plant
155,fire extinguisher type bc set of 2,401,401,10.95M,10.95M,0,FALSE,0,1,366,25.12K,1,9.20M,0,personal protective equipment,catalyst inc;experitec inc   experitec  inc ;experitec inc   experitec- inc.;fastnel;fastnel industrial supplies;grainger;hydro-pac;lmi technologies usa inc;w w  grainger;w.w. grainger,natural gas   power making;natural gas & power making,rob bert,calgary plant
156,fire extinguisher type bc set of 2,401,401,10.95M,10.95M,0,FALSE,0,2,35,25.06K,2,1.75M,0,personal protective equipment,fastnel;fastnel industrial supplies;lmi technologies usa inc,natural gas   power making;natural gas & power making,rob bert,calgary plant
157,fluorescent bulb 20a 36w,18,18,614,614,0,FALSE,0,1,8,4,10,351,0,pumps,cache valley electric co,natural gas   power making,grant hugh,sacramento plant
158,fluorescent bulb 20a 36w,18,18,614,614,0,FALSE,0,2,10,4,6,263,0,pumps,cache valley electric co,natural gas   power making,grant hugh,sacramento plant
159,foam fire extinguisher type abc,292,292,972.49K,784.67K,187826.52,TRUE,2687.2177419354844,1,79,3.37K,1,265.99K,53695.538387096734,safety equipment,robwen inc,natural gas   power making;natural gas & power making,selena ryan,south carolina
160,foam fire extinguisher type abc,292,292,972.49K,784.67K,187826.52,FALSE,0,2,62,2.69K,1,166.61K,0,safety equipment,robwen inc,natural gas   power making;natural gas & power making,selena ryan,south carolina
161,foam fire extinguisher type abc,292,292,972.49K,784.67K,187826.52,TRUE,2687.2177419354844,3,90,3.85K,1,346.59K,104740.40322580625,safety equipment,jorgensen co ;jorgensen co.,natural gas   power making;natural gas & power making,selena ryan,south carolina
162,foam fire extinguisher type abc,292,292,972.49K,784.67K,187826.52,TRUE,2687.2177419354844,4,61,3.17K,1,193.31K,29390.57774193545,safety equipment,robwen inc,natural gas   power making;natural gas & power making,selena ryan,south carolina
163,gas calibration 150 litres,25,25,25.17K,25.17K,0,FALSE,0,1,5,310,2,3.11K,0,safety equipment;testers,cache valley electric co,natural gas   power making;natural gas & power making,grant hugh,sacramento plant
164,gas calibration 150 litres,25,25,25.17K,25.17K,0,FALSE,0,2,10,295,4,11.84K,0,lab equipment;safety equipment,cache valley electric co,natural gas   power making;natural gas & power making,grant hugh,sacramento plant
165,gas calibration 150 litres,25,25,25.17K,25.17K,0,FALSE,0,3,3,285,2,1.71K,0,safety equipment,beijing health tech research co ltd bhtr,natural gas & power making,grant hugh,sacramento plant
166,gas calibration 150 litres,25,25,25.17K,25.17K,0,FALSE,0,4,1,293,5,1.47K,0,lab equipment,cache valley electric co,natural gas   power making,grant hugh,sacramento plant
167,gas calibration 150 litres,25,25,25.17K,25.17K,0,FALSE,0,5,6,293,4,7.04K,0,safety equipment,cache valley electric co,natural gas   power making;natural gas & power making,grant hugh,sacramento plant
168,gas calibration 200 litres,46,46,49.28K,49.28K,0,FALSE,0,1,15,666,2,19.98K,0,personal protective equipment,autarkic holdings inc,natural gas   power making;natural gas & power making,grant hugh,sacramento plant
169,gas calibration 200 litres,46,46,49.28K,49.28K,0,FALSE,0,2,26,666,1,17.32K,0,lab equipment;testers,autarkic holdings inc,natural gas   power making;natural gas & power making,grant hugh,sacramento plant
170,gas calibration 200 litres,46,46,49.28K,49.28K,0,FALSE,0,3,3,666,4,7.99K,0,testers,autarkic holdings inc,natural gas & power making,grant hugh,sacramento plant
171,gas calibration 200 litres,46,46,49.28K,49.28K,0,FALSE,0,4,2,666,3,4.00K,0,personal protective equipment,autarkic holdings inc,natural gas   power making,carlos bars,atlanta plant
172,guided microwave level transmitter,70,70,198.57K,174.42K,24149,TRUE,2486,1,36,3.08K,1,110.94K,21445,electronics and electricals,catalyst inc,natural gas   power making;natural gas & power making,grant hugh,sacramento plant
173,guided microwave level transmitter,70,70,198.57K,174.42K,24149,FALSE,0,2,12,2.49K,1,29.83K,0,electronics and electricals,catalyst inc,natural gas   power making,grant hugh,sacramento plant
174,guided microwave level transmitter,70,70,198.57K,174.42K,24149,FALSE,0,3,10,2.67K,1,26.66K,0,electronics and electricals,catalyst inc,natural gas   power making;natural gas & power making,grant hugh,sacramento plant
175,guided microwave level transmitter,70,70,198.57K,174.42K,24149,FALSE,0,4,4,2.14K,1,8.55K,0,electronics and electricals,catalyst inc,natural gas & power making,grant hugh,sacramento plant
176,guided microwave level transmitter,70,70,198.57K,174.42K,24149,TRUE,2486,5,8,2.82K,1,22.59K,2704,electronics and electricals,catalyst inc,natural gas   power making;natural gas & power making,grant hugh,sacramento plant
177,hard hats type i class electical work,107,107,22.62K,22.62K,0,FALSE,0,1,12,110,2,2.65K,0,electronics and electricals;pumps;safety equipment,integrated protection services ips,natural gas   power making;natural gas & power making,carlos bars;grant hugh,atlanta plant;sacramento plant
178,hard hats type i class electical work,107,107,22.62K,22.62K,0,FALSE,0,2,19,100,1,2.31K,0,lab equipment;personal protective equipment;pumps;safety equipment,integrated protection services ips,natural gas   power making,grant hugh,sacramento plant
179,hard hats type i class electical work,107,107,22.62K,22.62K,0,FALSE,0,3,34,110,1,3.76K,0,electronics and electricals;lab equipment;pumps;safety equipment,integrated protection services ips,natural gas   power making;natural gas & power making,grant hugh;olivia phills,columbus plant;sacramento plant
180,hard hats type i class electical work,107,107,22.62K,22.62K,0,FALSE,0,4,22,100,3,6.93K,0,lab equipment;other process equipment;personal protective equipment;pumps;safety equipment,integrated protection services ips,natural gas   power making,carlos bars;grant hugh,atlanta plant;sacramento plant
181,hard hats type i class electical work,107,107,22.62K,22.62K,0,FALSE,0,5,20,110,3,6.96K,0,lab equipment;other process equipment;pumps;safety equipment,integrated protection services ips,natural gas   power making;natural gas & power making,carlos bars;grant hugh,atlanta plant;sacramento plant
182,humphrey pump,14,14,4.03K,4.03K,0,FALSE,0,1,7,110,3,2.32K,0,pumps,integrated protection services ips,natural gas   power making;natural gas & power making,grant hugh,sacramento plant
183,humphrey pump,14,14,4.03K,4.03K,0,FALSE,0,2,2,100,3,603,0,pumps,integrated protection services ips,natural gas   power making,carlos bars,atlanta plant
184,humphrey pump,14,14,4.03K,4.03K,0,FALSE,0,3,5,110,2,1.10K,0,lab equipment,integrated protection services ips,natural gas & power making,carlos bars,atlanta plant
185,intel core i5 processor 3 4ghz,31,31,485.62K,466.12K,19500.8,FALSE,0,1,11,147,150,243.77K,0,it hardware,comptechnyc inc,natural gas   power making,alex bikim;carla ariel;carlos bars;evan lobo;grant hugh;james perry;kate williams;rex  xiang;selena ryan,boston plant;calgary plant;columbus plant;duncan plant;kansas city plant;newark plant;sacramento plant;south carolina;vancouver plant
186,intel core i5 processor 3 4ghz,31,31,485.62K,466.12K,19500.8,TRUE,140.35,2,11,162,80,143.01K,19500.799999999996,it hardware,gim computers,natural gas   power making,carla ariel;carlos bars;evan lobo;grant hugh;james perry;olivia phills;rex  xiang;selena ryan,calgary plant;columbus plant;duncan plant;kansas city plant;newark plant;sacramento plant;toronto plant;vancouver plant
187,intel core i5 processor 3 4ghz,31,31,485.62K,466.12K,19500.8,FALSE,0,3,6,140,70,58.95K,0,it hardware,gim computers,natural gas   power making,alex bikim;kate williams;olivia phills;rex  xiang;rob bert;selena ryan,atlanta plant;boston plant;calgary plant;kansas city plant;south carolina;toronto plant
188,intel core i5 processor 3 4ghz,31,31,485.62K,466.12K,19500.8,FALSE,0,4,3,132,100,39.89K,0,it hardware,gim computers,natural gas   power making,grant hugh;kate williams;rob bert,calgary plant;ottawa plant;sacramento plant
189,junction box 10x23 20mm,18,18,4.57K,3.57K,1005.9,TRUE,81.3,1,6,248,1,1.49K,1005.8999999999999,testers,beu math engineering inc,natural gas & power making,grant hugh,sacramento plant
190,junction box 10x23 20mm,18,18,4.57K,3.57K,1005.9,FALSE,0,2,8,81,2,1.30K,0,lab equipment;testers,cache valley electric co,natural gas & power making,grant hugh,sacramento plant
191,junction box 10x23 20mm,18,18,4.57K,3.57K,1005.9,FALSE,0,3,4,111,4,1.78K,0,safety equipment;testers,cache valley electric co,natural gas   power making;natural gas & power making,grant hugh,sacramento plant
192,junction box 10x23 25mm,35,35,7.22K,6.68K,542.25,FALSE,0,1,10,83,1,835,0,electronics and electricals;safety equipment,cache valley electric co,natural gas   power making;natural gas & power making,grant hugh,sacramento plant
193,junction box 10x23 25mm,35,35,7.22K,6.68K,542.25,TRUE,83.274,2,11,106,2,2.46K,542.2479999999998,electronics and electricals;lab equipment;personal protective equipment,cache valley electric co,natural gas & power making,grant hugh,sacramento plant
194,junction box 10x23 25mm,35,35,7.22K,6.68K,542.25,FALSE,0,3,3,102,6,1.96K,0,pumps;testers,cache valley electric co,natural gas   power making,grant hugh,sacramento plant
195,junction box 10x23 25mm,35,35,7.22K,6.68K,542.25,FALSE,0,4,10,83,2,1.83K,0,electronics and electricals;personal protective equipment;pumps;safety equipment,cache valley electric co,natural gas   power making;natural gas & power making,grant hugh,sacramento plant
196,junction box 10x23 25mm,35,35,7.22K,6.68K,542.25,FALSE,0,5,1,69,2,139,0,pumps,cache valley electric co,natural gas & power making,grant hugh,sacramento plant
197,junction box 10x235,26,26,12.48K,11.94K,545.57,FALSE,0,1,12,319,2,7.67K,0,pumps;testers,cache valley electric co,natural gas   power making,grant hugh,sacramento plant
198,junction box 10x235,26,26,12.48K,11.94K,545.57,FALSE,0,2,5,328,1,1.64K,0,pumps,cache valley electric co,natural gas & power making,grant hugh,sacramento plant
199,junction box 10x235,26,26,12.48K,11.94K,545.57,FALSE,0,3,1,130,2,260,0,testers,cache valley electric co,natural gas & power making,grant hugh,sacramento plant
200,junction box 10x235,26,26,12.48K,11.94K,545.57,FALSE,0,4,1,130,1,130,0,safety equipment,cache valley electric co,natural gas & power making,grant hugh,sacramento plant
201,junction box 10x235,26,26,12.48K,11.94K,545.57,TRUE,319.42083333333335,5,7,397,1,2.78K,545.5741666666667,electronics and electricals,cache valley electric co,natural gas   power making;natural gas & power making,grant hugh,sacramento plant
202,lan internet network cable cat8 25ft,37,37,90.13K,81.55K,8584,TRUE,14.79,1,11,16,200,35.79K,3256.0000000000005,it hardware,gim computers,natural gas   power making,alex bikim;carla ariel;carlos bars;evan lobo;grant hugh;james perry;kate williams;rex  xiang;selena ryan,boston plant;calgary plant;columbus plant;duncan plant;kansas city plant;newark plant;sacramento plant;south carolina;vancouver plant
203,lan internet network cable cat8 25ft,37,37,90.13K,81.55K,8584,FALSE,0,2,7,14,100,10.35K,0,it hardware,comptechnyc inc;comptechnyc.inc,natural gas   power making;natural gas & power making,alex bikim;carlos bars;kate williams;olivia phills;rex  xiang;rob bert;selena ryan,atlanta plant;boston plant;calgary plant;columbus plant;kansas city plant;south carolina;toronto plant
204,lan internet network cable cat8 25ft,37,37,90.13K,81.55K,8584,TRUE,14.79,3,16,17,150,40.82K,5328.0000000000055,it hardware,gim computers,natural gas   power making;natural gas & power making,alex bikim;carla ariel;carlos bars;evan lobo;grant hugh;james perry;kate williams;olivia phills;rex  xiang;selena ryan,boston plant;calgary plant;columbus plant;duncan plant;kansas city plant;newark plant;sacramento plant;south carolina;toronto plant;vancouver plant
205,lan internet network cable cat8 25ft,37,37,90.13K,81.55K,8584,FALSE,0,4,3,14,75,3.16K,0,it hardware,gim computers,natural gas   power making,grant hugh;kate williams;rob bert,calgary plant;ottawa plant;sacramento plant
206,laptop 14inch  16gb  250 gb hard disk,31,31,53.06K,51.43K,1633.5,FALSE,0,1,11,990,2,21.78K,0,it hardware,comptechnyc inc,natural gas   power making,alex bikim;carla ariel;carlos bars;evan lobo;grant hugh;james perry;kate williams;rex  xiang;selena ryan,boston plant;calgary plant;columbus plant;duncan plant;kansas city plant;newark plant;sacramento plant;south carolina;vancouver plant
207,laptop 14inch  16gb  250 gb hard disk,31,31,53.06K,51.43K,1633.5,TRUE,940.5,2,11,1.09K,1,11.98K,1633.5,it hardware,gim computers,natural gas   power making,carla ariel;carlos bars;evan lobo;grant hugh;james perry;olivia phills;rex  xiang;selena ryan,calgary plant;columbus plant;duncan plant;kansas city plant;newark plant;sacramento plant;toronto plant;vancouver plant
208,laptop 14inch  16gb  250 gb hard disk,31,31,53.06K,51.43K,1633.5,FALSE,0,3,3,891,3,8.02K,0,it hardware,gim computers,natural gas   power making,grant hugh;kate williams;rob bert,calgary plant;ottawa plant;sacramento plant
209,laptop 14inch  16gb  250 gb hard disk,31,31,53.06K,51.43K,1633.5,FALSE,0,4,6,940,2,11.29K,0,it hardware,gim computers,natural gas   power making,alex bikim;kate williams;olivia phills;rex  xiang;rob bert;selena ryan,atlanta plant;boston plant;calgary plant;kansas city plant;south carolina;toronto plant
210,laptop 15inch  32gb  300 gb hard disk,42,42,82.84K,76.49K,6352.5,FALSE,0,1,11,1.05K,2,23.10K,0,it hardware,comptechnyc inc,natural gas   power making,alex bikim;carla ariel;carlos bars;evan lobo;grant hugh;james perry;kate williams;rex  xiang;selena ryan,boston plant;calgary plant;columbus plant;duncan plant;kansas city plant;newark plant;sacramento plant;south carolina;vancouver plant
211,laptop 15inch  32gb  300 gb hard disk,42,42,82.84K,76.49K,6352.5,TRUE,997.5,2,11,1.21K,2,26.57K,4620,it hardware,gim computers,natural gas   power making,alex bikim;carla ariel;carlos bars;evan lobo;grant hugh;james perry;kate williams;rex  xiang;selena ryan,boston plant;calgary plant;columbus plant;duncan plant;kansas city plant;newark plant;sacramento plant;south carolina;vancouver plant
212,laptop 15inch  32gb  300 gb hard disk,42,42,82.84K,76.49K,6352.5,TRUE,997.5,3,11,1.16K,1,12.71K,1732.5,it hardware,gim computers,natural gas   power making,carla ariel;carlos bars;evan lobo;grant hugh;james perry;olivia phills;rex  xiang;selena ryan,calgary plant;columbus plant;duncan plant;kansas city plant;newark plant;sacramento plant;toronto plant;vancouver plant
213,laptop 15inch  32gb  300 gb hard disk,42,42,82.84K,76.49K,6352.5,FALSE,0,4,3,945,3,8.51K,0,it hardware,comptechnyc inc,natural gas   power making,grant hugh;kate williams;rob bert,calgary plant;ottawa plant;sacramento plant
214,laptop 15inch  32gb  300 gb hard disk,42,42,82.84K,76.49K,6352.5,FALSE,0,5,6,997,2,11.97K,0,it hardware,gim computers,natural gas   power making,alex bikim;kate williams;olivia phills;rex  xiang;rob bert;selena ryan,atlanta plant;boston plant;calgary plant;kansas city plant;south carolina;toronto plant
215,laptop battery 45w,37,37,188.91K,177.75K,11160,FALSE,0,1,11,34,200,75.02K,0,it hardware,gim computers,natural gas   power making,alex bikim;carla ariel;carlos bars;evan lobo;grant hugh;james perry;kate williams;rex  xiang;selena ryan,boston plant;calgary plant;columbus plant;duncan plant;kansas city plant;newark plant;sacramento plant;south carolina;vancouver plant
216,laptop battery 45w,37,37,188.91K,177.75K,11160,FALSE,0,2,7,31,100,21.70K,0,it hardware,comptechnyc inc;comptechnyc.inc,natural gas   power making;natural gas & power making,alex bikim;carlos bars;kate williams;olivia phills;rex  xiang;rob bert;selena ryan,atlanta plant;boston plant;calgary plant;columbus plant;kansas city plant;south carolina;toronto plant
217,laptop battery 45w,37,37,188.91K,177.75K,11160,TRUE,31,3,16,35,150,85.56K,11159.999999999998,it hardware,gim computers,natural gas   power making;natural gas & power making,alex bikim;carla ariel;carlos bars;evan lobo;grant hugh;james perry;kate williams;olivia phills;rex  xiang;selena ryan,boston plant;calgary plant;columbus plant;duncan plant;kansas city plant;newark plant;sacramento plant;south carolina;toronto plant;vancouver plant
218,laptop battery 45w,37,37,188.91K,177.75K,11160,FALSE,0,4,3,29,75,6.63K,0,it hardware,gim computers,natural gas   power making,grant hugh;kate williams;rob bert,calgary plant;ottawa plant;sacramento plant
219,laptop ram 16gb  ddr4,31,31,359.14K,326.42K,32725,TRUE,69.99,1,11,76,200,169.38K,15400,it hardware,gim computers,natural gas   power making,alex bikim;carla ariel;carlos bars;evan lobo;grant hugh;james perry;kate williams;rex  xiang;selena ryan,boston plant;calgary plant;columbus plant;duncan plant;kansas city plant;newark plant;sacramento plant;south carolina;vancouver plant
220,laptop ram 16gb  ddr4,31,31,359.14K,326.42K,32725,FALSE,0,2,6,69,100,41.99K,0,it hardware,comptechnyc inc,natural gas   power making,alex bikim;kate williams;olivia phills;rex  xiang;rob bert;selena ryan,atlanta plant;boston plant;calgary plant;kansas city plant;south carolina;toronto plant
221,laptop ram 16gb  ddr4,31,31,359.14K,326.42K,32725,TRUE,69.99,3,11,80,150,132.81K,17325,it hardware,gim computers,natural gas   power making,carla ariel;carlos bars;evan lobo;grant hugh;james perry;olivia phills;rex  xiang;selena ryan,calgary plant;columbus plant;duncan plant;kansas city plant;newark plant;sacramento plant;toronto plant;vancouver plant
222,laptop ram 16gb  ddr4,31,31,359.14K,326.42K,32725,FALSE,0,4,3,66,75,14.96K,0,it hardware,gim computers,natural gas   power making,grant hugh;kate williams;rob bert,calgary plant;ottawa plant;sacramento plant
223,laser printer monochrome all in one,42,42,19.72K,18.21K,1512.5,TRUE,237.49,1,11,287,2,6.32K,1100,it hardware,gim computers,natural gas   power making,alex bikim;carla ariel;carlos bars;evan lobo;grant hugh;james perry;kate williams;rex  xiang;selena ryan,boston plant;calgary plant;columbus plant;duncan plant;kansas city plant;newark plant;sacramento plant;south carolina;vancouver plant
224,laser printer monochrome all in one,42,42,19.72K,18.21K,1512.5,FALSE,0,2,6,237,2,2.85K,0,it hardware,gim computers,natural gas   power making,alex bikim;kate williams;olivia phills;rex  xiang;rob bert;selena ryan,atlanta plant;boston plant;calgary plant;kansas city plant;south carolina;toronto plant
225,laser printer monochrome all in one,42,42,19.72K,18.21K,1512.5,TRUE,237.49,3,11,274,1,3.02K,412.5,it hardware,gim computers,natural gas   power making,carla ariel;carlos bars;evan lobo;grant hugh;james perry;olivia phills;rex  xiang;selena ryan,calgary plant;columbus plant;duncan plant;kansas city plant;newark plant;sacramento plant;toronto plant;vancouver plant
226,laser printer monochrome all in one,42,42,19.72K,18.21K,1512.5,FALSE,0,4,3,224,3,2.02K,0,it hardware,gim computers,natural gas   power making,grant hugh;kate williams;rob bert,calgary plant;ottawa plant;sacramento plant
227,laser printer monochrome all in one,42,42,19.72K,18.21K,1512.5,FALSE,0,5,11,249,2,5.50K,0,it hardware,comptechnyc inc,natural gas   power making,alex bikim;carla ariel;carlos bars;evan lobo;grant hugh;james perry;kate williams;rex  xiang;selena ryan,boston plant;calgary plant;columbus plant;duncan plant;kansas city plant;newark plant;sacramento plant;south carolina;vancouver plant
228,mens jeans stretchable 97 medium,33,33,2.82K,2.78K,38.99,FALSE,0,1,15,55,1,834,0,testers,integrated protection services ips,natural gas   power making,grant hugh,sacramento plant
229,mens jeans stretchable 97 medium,33,33,2.82K,2.78K,38.99,FALSE,0,2,5,61,2,612,0,personal protective equipment,integrated protection services ips,natural gas & power making,grant hugh,sacramento plant
230,mens jeans stretchable 97 medium,33,33,2.82K,2.78K,38.99,FALSE,0,3,5,55,3,834,0,testers,integrated protection services ips,natural gas   power making,grant hugh,sacramento plant
231,mens jeans stretchable 97 medium,33,33,2.82K,2.78K,38.99,TRUE,55.66,4,7,61,1,428,38.99,personal protective equipment,integrated protection services ips,natural gas   power making,olivia phills,columbus plant
232,mens jeans stretchable 97 medium,33,33,2.82K,2.78K,38.99,FALSE,0,5,1,55,2,111,0,lab equipment,integrated protection services ips,natural gas   power making,grant hugh,sacramento plant
233,mobil oil 208 litre,13,13,19.34K,19.34K,0,FALSE,0,1,2,730,2,2.92K,0,pumps,acaderm inc,natural gas   power making,grant hugh,sacramento plant
234,mobil oil 208 litre,13,13,19.34K,19.34K,0,FALSE,0,2,11,746,2,16.42K,0,personal protective equipment,acaderm inc,natural gas & power making,grant hugh,sacramento plant
235,mphil oil 4 inch shaft,21,21,759,709,50.61,TRUE,21.72,1,7,28,1,202,50.610000000000014,electronics and electricals,john p muller associate,natural gas   power making,grant hugh,sacramento plant
236,mphil oil 4 inch shaft,21,21,759,709,50.61,FALSE,0,2,7,21,2,304,0,safety equipment,cache valley electric co,natural gas   power making,grant hugh,sacramento plant
237,mphil oil 4 inch shaft,21,21,759,709,50.61,FALSE,0,3,4,30,1,123,0,lab equipment;safety equipment,john p muller associate,natural gas   power making,carlos bars;grant hugh,atlanta plant;sacramento plant
238,mphil oil 4 inch shaft,21,21,759,709,50.61,FALSE,0,4,3,21,2,130,0,safety equipment,cache valley electric co,natural gas   power making,grant hugh,sacramento plant
239,mphil oring 2 inch,21,21,39,39,0,FALSE,0,1,15,1,1,23,0,safety equipment,olympic wire & equipment inc,natural gas & power making,grant hugh,sacramento plant
240,mphil oring 2 inch,21,21,39,39,0,FALSE,0,2,4,1,2,12,0,personal protective equipment,olympic wire   equipment inc,natural gas   power making,grant hugh,sacramento plant
241,mphil oring 2 inch,21,21,39,39,0,FALSE,0,3,2,1,1,3,0,lab equipment,olympic wire   equipment inc;olympic wire & equipment inc,natural gas   power making;natural gas & power making,grant hugh,sacramento plant
242,mphil oring 8 inch,37,37,1.36K,1.32K,35.88,FALSE,0,1,7,28,1,199,0,other process equipment,woodard   curran inc,natural gas   power making,carlos bars,atlanta plant
243,mphil oring 8 inch,37,37,1.36K,1.32K,35.88,FALSE,0,2,8,28,2,456,0,pumps,olympic wire   equipment inc,natural gas   power making,grant hugh,sacramento plant
244,mphil oring 8 inch,37,37,1.36K,1.32K,35.88,FALSE,0,3,16,30,1,495,0,lab equipment;safety equipment,olympic wire   equipment inc;olympic wire & equipment inc,natural gas   power making;natural gas & power making,grant hugh,sacramento plant
245,mphil oring 8 inch,37,37,1.36K,1.32K,35.88,TRUE,28.52,4,6,34,1,207,35.88,electronics and electricals,olympic wire   equipment inc,natural gas   power making,carlos bars,atlanta plant
246,network switch ethernet 10 port,37,37,358.71K,340.56K,18155.52,FALSE,0,1,11,945,15,156.02K,0,it hardware,gim computers,natural gas   power making,alex bikim;carla ariel;carlos bars;evan lobo;grant hugh;james perry;kate williams;rex  xiang;selena ryan,boston plant;calgary plant;columbus plant;duncan plant;kansas city plant;newark plant;sacramento plant;south carolina;vancouver plant
247,network switch ethernet 10 port,37,37,358.71K,340.56K,18155.52,TRUE,898.32,2,16,1.04K,8,133.14K,18155.52000000001,it hardware,gim computers,natural gas   power making;natural gas & power making,alex bikim;carla ariel;carlos bars;evan lobo;grant hugh;james perry;kate williams;olivia phills;rex  xiang;selena ryan,boston plant;calgary plant;columbus plant;duncan plant;kansas city plant;newark plant;sacramento plant;south carolina;toronto plant;vancouver plant
248,network switch ethernet 10 port,37,37,358.71K,340.56K,18155.52,FALSE,0,3,7,898,7,44.02K,0,it hardware,gim computers,natural gas   power making;natural gas & power making,alex bikim;carlos bars;kate williams;olivia phills;rex  xiang;rob bert;selena ryan,atlanta plant;boston plant;calgary plant;columbus plant;kansas city plant;south carolina;toronto plant
249,network switch ethernet 10 port,37,37,358.71K,340.56K,18155.52,FALSE,0,4,3,851,10,25.53K,0,it hardware,gim computers,natural gas   power making,grant hugh;kate williams;rob bert,calgary plant;ottawa plant;sacramento plant
250,portable 1tb external hard drive usb 3 0,31,31,417.40K,390.41K,26988.5,FALSE,0,1,11,51,250,141.27K,0,it hardware,gim computers,natural gas   power making,alex bikim;carla ariel;carlos bars;evan lobo;grant hugh;james perry;kate williams;rex  xiang;selena ryan,boston plant;calgary plant;columbus plant;duncan plant;kansas city plant;newark plant;sacramento plant;south carolina;vancouver plant
251,portable 1tb external hard drive usb 3 0,31,31,417.40K,390.41K,26988.5,FALSE,0,2,6,46,200,56.04K,0,it hardware,comptechnyc inc,natural gas   power making,alex bikim;kate williams;olivia phills;rex  xiang;rob bert;selena ryan,atlanta plant;boston plant;calgary plant;kansas city plant;south carolina;toronto plant
252,portable 1tb external hard drive usb 3 0,31,31,417.40K,390.41K,26988.5,TRUE,46.7,3,11,53,350,206.78K,26988.499999999996,it hardware,gim computers,natural gas   power making,carla ariel;carlos bars;evan lobo;grant hugh;james perry;olivia phills;rex  xiang;selena ryan,calgary plant;columbus plant;duncan plant;kansas city plant;newark plant;sacramento plant;toronto plant;vancouver plant
253,portable 1tb external hard drive usb 3 0,31,31,417.40K,390.41K,26988.5,FALSE,0,4,3,44,100,13.31K,0,it hardware,gim computers,natural gas   power making,grant hugh;kate williams;rob bert,calgary plant;ottawa plant;sacramento plant
254,safety equipment,29,29,16.17K,12.47K,3700.07,TRUE,19.18999999999995,1,11,355,1,3.91K,3700.07,personal protective equipment,cache valley electric co,natural gas   power making,grant hugh,sacramento plant
255,safety equipment,29,29,16.17K,12.47K,3700.07,FALSE,0,2,14,19,3,805,0,safety equipment,cache valley electric co,natural gas   power making,grant hugh,sacramento plant
256,safety equipment,29,29,16.17K,12.47K,3700.07,FALSE,0,3,3,938,4,11.26K,0,personal protective equipment,cache valley electric co,natural gas & power making,grant hugh,sacramento plant
257,safety equipment,29,29,16.17K,12.47K,3700.07,FALSE,0,4,1,96,2,192,0,personal protective equipment,cache valley electric co,natural gas   power making,grant hugh,sacramento plant
258,safety glass prism silicon lens,117,117,41.24K,41.24K,0,FALSE,0,1,71,12,10,9.03K,0,electronics and electricals;lab equipment;other process equipment;personal protective equipment;pumps;safety equipment,cache valley electric co,natural gas   power making;natural gas & power making,grant hugh,sacramento plant
259,safety glass prism silicon lens,117,117,41.24K,41.24K,0,FALSE,0,2,23,12,10,2.95K,0,electronics and electricals;lab equipment;personal protective equipment;pumps;safety equipment,cache valley electric co,natural gas   power making,grant hugh,sacramento plant
260,safety glass prism silicon lens,117,117,41.24K,41.24K,0,FALSE,0,3,23,12,100,29.26K,0,safety equipment,cache valley electric co,natural gas   power making;natural gas & power making,grant hugh,sacramento plant
261,safety goggles clearing chemical,29,29,2.38K,2.38K,0,FALSE,0,1,14,11,10,1.61K,0,pumps,cache valley electric co,natural gas & power making,grant hugh,sacramento plant
262,safety goggles clearing chemical,29,29,2.38K,2.38K,0,FALSE,0,2,14,11,4,646,0,personal protective equipment,cache valley electric co,natural gas & power making,grant hugh,sacramento plant
263,safety goggles clearing chemical,29,29,2.38K,2.38K,0,FALSE,0,3,1,12,10,122,0,electronics and electricals,cache valley electric co,natural gas   power making,grant hugh,sacramento plant
264,safety goggles dust resistant,29,29,6.74K,4.46K,2281.3,FALSE,0,1,6,10,4,253,0,electronics and electricals,cache valley electric co,natural gas & power making,grant hugh,sacramento plant
265,safety goggles dust resistant,29,29,6.74K,4.46K,2281.3,TRUE,10.56,2,12,15,24,4.45K,1411.1999999999998,lab equipment,cache valley electric co,natural gas   power making,grant hugh,sacramento plant
266,safety goggles dust resistant,29,29,6.74K,4.46K,2281.3,TRUE,10.56,3,11,18,10,2.03K,870.0999999999999,pumps,cache valley electric co,natural gas & power making,grant hugh,sacramento plant
267,silver goggles safety clearchem,14,14,2.70K,2.70K,0,FALSE,0,1,2,18,10,375,0,pumps,olympic wire   equipment inc;olympic wire & equipment inc,natural gas   power making;natural gas & power making,grant hugh,sacramento plant
268,silver goggles safety clearchem,14,14,2.70K,2.70K,0,FALSE,0,2,2,18,40,1.50K,0,personal protective equipment,olympic wire   equipment inc,natural gas   power making,grant hugh,sacramento plant
269,silver goggles safety clearchem,14,14,2.70K,2.70K,0,FALSE,0,3,6,18,6,675,0,safety equipment,olympic wire   equipment inc;olympic wire & equipment inc,natural gas   power making;natural gas & power making,grant hugh,sacramento plant
270,silver goggles safety clearchem,14,14,2.70K,2.70K,0,FALSE,0,4,4,18,2,150,0,pumps,olympic wire & equipment inc,natural gas & power making,grant hugh,sacramento plant
271,water mistï¿ fire extinguisher,103,103,450.48K,346.45K,104033.38,TRUE,2050,1,21,3.22K,1,67.57K,24524.219999999998,safety equipment,lmi technologies usa inc,natural gas   power making,grant hugh,sacramento plant
272,water mistï¿ fire extinguisher,103,103,450.48K,346.45K,104033.38,FALSE,0,2,14,2.05K,4,114.80K,0,safety equipment,lmi technologies usa inc,natural gas   power making,grant hugh,sacramento plant
273,water mistï¿ fire extinguisher,103,103,450.48K,346.45K,104033.38,TRUE,2050,3,33,2.68K,1,88.44K,20790,safety equipment,lmi technologies usa inc,natural gas   power making,grant hugh,sacramento plant
274,water mistï¿ fire extinguisher,103,103,450.48K,346.45K,104033.38,TRUE,2050,4,8,2.75K,4,87.91K,22311.28,safety equipment,lmi technologies usa inc,natural gas   power making,grant hugh,sacramento plant
275,water mistï¿ fire extinguisher,103,103,450.48K,346.45K,104033.38,TRUE,2050,5,27,3.40K,1,91.76K,36407.88,safety equipment,lmi technologies usa inc,natural gas   power making,grant hugh,sacramento plant
276,wifi projector 1080p  7500 lux,31,31,95.32K,91.49K,3828,FALSE,0,1,11,289,15,47.85K,0,it hardware,comptechnyc inc,natural gas   power making,alex bikim;carla ariel;carlos bars;evan lobo;grant hugh;james perry;kate williams;rex  xiang;selena ryan,boston plant;calgary plant;columbus plant;duncan plant;kansas city plant;newark plant;sacramento plant;south carolina;vancouver plant
277,wifi projector 1080p  7500 lux,31,31,95.32K,91.49K,3828,TRUE,275.49,2,11,318,8,28.07K,3828,it hardware,gim computers,natural gas   power making,carla ariel;carlos bars;evan lobo;grant hugh;james perry;olivia phills;rex  xiang;selena ryan,calgary plant;columbus plant;duncan plant;kansas city plant;newark plant;sacramento plant;toronto plant;vancouver plant
278,wifi projector 1080p  7500 lux,31,31,95.32K,91.49K,3828,FALSE,0,3,6,275,7,11.57K,0,it hardware,gim computers,natural gas   power making,alex bikim;kate williams;olivia phills;rex  xiang;rob bert;selena ryan,atlanta plant;boston plant;calgary plant;kansas city plant;south carolina;toronto plant
279,wifi projector 1080p  7500 lux,31,31,95.32K,91.49K,3828,FALSE,0,4,3,260,10,7.83K,0,it hardware,gim computers,natural gas   power making,grant hugh;kate williams;rob bert,calgary plant;ottawa plant;sacramento plant
280,wifi range extender 1200mbps 4 antennas,37,37,304.63K,275.63K,29000,TRUE,49.99,1,11,54,200,120.98K,11000,it hardware,gim computers,natural gas   power making,alex bikim;carla ariel;carlos bars;evan lobo;grant hugh;james perry;kate williams;rex  xiang;selena ryan,boston plant;calgary plant;columbus plant;duncan plant;kansas city plant;newark plant;sacramento plant;south carolina;vancouver plant
281,wifi range extender 1200mbps 4 antennas,37,37,304.63K,275.63K,29000,FALSE,0,2,7,49,100,34.99K,0,it hardware,comptechnyc inc;comptechnyc.inc,natural gas   power making;natural gas & power making,alex bikim;carlos bars;kate williams;olivia phills;rex  xiang;rob bert;selena ryan,atlanta plant;boston plant;calgary plant;columbus plant;kansas city plant;south carolina;toronto plant
282,wifi range extender 1200mbps 4 antennas,37,37,304.63K,275.63K,29000,TRUE,49.99,3,16,57,150,137.98K,18000,it hardware,gim computers,natural gas   power making;natural gas & power making,alex bikim;carla ariel;carlos bars;evan lobo;grant hugh;james perry;kate williams;olivia phills;rex  xiang;selena ryan,boston plant;calgary plant;columbus plant;duncan plant;kansas city plant;newark plant;sacramento plant;south carolina;toronto plant;vancouver plant
283,wifi range extender 1200mbps 4 antennas,37,37,304.63K,275.63K,29000,FALSE,0,4,3,47,75,10.69K,0,it hardware,gim computers,natural gas   power making,grant hugh;kate williams;rob bert,calgary plant;ottawa plant;sacramento plant
284,wire rope 32mm,19,19,11.37K,11.37K,0,FALSE,0,1,8,33,27,7.31K,0,lab equipment,cache valley electric co,natural gas   power making,grant hugh,sacramento plant
285,wire rope 32mm,19,19,11.37K,11.37K,0,FALSE,0,2,11,33,11,4.05K,0,lab equipment;pumps,cache valley electric co,natural gas   power making;natural gas & power making,carlos bars;grant hugh,atlanta plant;sacramento plant
286,wire rope 36mm,55,55,3.98K,3.98K,0,FALSE,0,1,48,33,1,1.61K,0,pumps;safety equipment,cache valley electric co,natural gas   power making;natural gas & power making,grant hugh,sacramento plant
287,wire rope 36mm,55,55,3.98K,3.98K,0,FALSE,0,2,4,33,13,1.78K,0,lab equipment;safety equipment,cache valley electric co,natural gas   power making;natural gas & power making,grant hugh,sacramento plant
288,wire rope 36mm,55,55,3.98K,3.98K,0,FALSE,0,3,3,33,6,598,0,personal protective equipment,cache valley electric co,natural gas & power making,grant hugh,sacramento plant
289,wire rope 38mm,52,52,18.18K,16.45K,1724.36,FALSE,0,1,32,41,3,5.18K,0,other process equipment;personal protective equipment;pumps;testers,cache valley electric co,natural gas   power making;natural gas & power making,grant hugh,sacramento plant
290,wire rope 38mm,52,52,18.18K,16.45K,1724.36,TRUE,41.3925,2,13,57,8,6.11K,1724.355,electronics and electricals;personal protective equipment,cache valley electric co,natural gas   power making;natural gas & power making,grant hugh,sacramento plant
291,wire rope 38mm,52,52,18.18K,16.45K,1724.36,FALSE,0,3,1,41,110,4.58K,0,personal protective equipment,cache valley electric co,natural gas & power making,grant hugh,sacramento plant
292,wire rope 38mm,52,52,18.18K,16.45K,1724.36,FALSE,0,4,3,46,5,702,0,personal protective equipment;pumps,cache valley electric co,natural gas   power making;natural gas & power making,grant hugh,sacramento plant
293,wire rope 38mm,52,52,18.18K,16.45K,1724.36,FALSE,0,5,3,53,10,1.60K,0,personal protective equipment,cache valley electric co,natural gas & power making,grant hugh,sacramento plant
294,wired keyboard thin  black,42,42,228.97K,204.55K,24420,TRUE,35.14,1,11,42,150,70.19K,12209.999999999998,it hardware,gim computers,natural gas   power making,alex bikim;carla ariel;carlos bars;evan lobo;grant hugh;james perry;kate williams;rex  xiang;selena ryan,boston plant;calgary plant;columbus plant;duncan plant;kansas city plant;newark plant;sacramento plant;south carolina;vancouver plant
295,wired keyboard thin  black,42,42,228.97K,204.55K,24420,FALSE,0,2,6,35,100,21.08K,0,it hardware,gim computers,natural gas   power making,alex bikim;kate williams;olivia phills;rex  xiang;rob bert;selena ryan,atlanta plant;boston plant;calgary plant;kansas city plant;south carolina;toronto plant
296,wired keyboard thin  black,42,42,228.97K,204.55K,24420,TRUE,35.14,3,11,40,200,89.52K,12209.999999999998,it hardware,gim computers,natural gas   power making,carla ariel;carlos bars;evan lobo;grant hugh;james perry;olivia phills;rex  xiang;selena ryan,calgary plant;columbus plant;duncan plant;kansas city plant;newark plant;sacramento plant;toronto plant;vancouver plant
297,wired keyboard thin  black,42,42,228.97K,204.55K,24420,FALSE,0,4,11,36,100,40.69K,0,it hardware,comptechnyc inc,natural gas   power making,alex bikim;carla ariel;carlos bars;evan lobo;grant hugh;james perry;kate williams;rex  xiang;selena ryan,boston plant;calgary plant;columbus plant;duncan plant;kansas city plant;newark plant;sacramento plant;south carolina;vancouver plant
298,wired keyboard thin  black,42,42,228.97K,204.55K,24420,FALSE,0,5,3,33,75,7.49K,0,it hardware,gim computers,natural gas   power making,grant hugh;kate williams;rob bert,calgary plant;ottawa plant;sacramento plant
299,wireless optical mouse 2 4g,42,42,94.99K,85.31K,9680,TRUE,10.44,1,11,12,250,34.76K,6050.000000000001,it hardware,gim computers,natural gas   power making,alex bikim;carla ariel;carlos bars;evan lobo;grant hugh;james perry;kate williams;rex  xiang;selena ryan,boston plant;calgary plant;columbus plant;duncan plant;kansas city plant;newark plant;sacramento plant;south carolina;vancouver plant
300,wireless optical mouse 2 4g,42,42,94.99K,85.31K,9680,FALSE,0,2,11,10,150,18.13K,0,it hardware,comptechnyc inc,natural gas   power making,alex bikim;carla ariel;carlos bars;evan lobo;grant hugh;james perry;kate williams;rex  xiang;selena ryan,boston plant;calgary plant;columbus plant;duncan plant;kansas city plant;newark plant;sacramento plant;south carolina;vancouver plant
301,wireless optical mouse 2 4g,42,42,94.99K,85.31K,9680,TRUE,10.44,3,11,12,200,26.60K,3630.0000000000005,it hardware,gim computers,natural gas   power making,carla ariel;carlos bars;evan lobo;grant hugh;james perry;olivia phills;rex  xiang;selena ryan,calgary plant;columbus plant;duncan plant;kansas city plant;newark plant;sacramento plant;toronto plant;vancouver plant
302,wireless optical mouse 2 4g,42,42,94.99K,85.31K,9680,FALSE,0,4,6,10,200,12.53K,0,it hardware,gim computers,natural gas   power making,alex bikim;kate williams;olivia phills;rex  xiang;rob bert;selena ryan,atlanta plant;boston plant;calgary plant;kansas city plant;south carolina;toronto plant
303,wireless optical mouse 2 4g,42,42,94.99K,85.31K,9680,FALSE,0,5,3,9,100,2.97K,0,it hardware,gim computers,natural gas   power making,grant hugh;kate williams;rob bert,calgary plant;ottawa plant;sacramento plant
304,yellow caution tag,18,18,26.53K,26.53K,0,FALSE,0,1,7,2,714,10.70K,0,safety equipment,cache valley electric co,natural gas   power making,grant hugh,sacramento plant
305,yellow caution tag,18,18,26.53K,26.53K,0,FALSE,0,2,3,2,617,3.92K,0,lab equipment,cache valley electric co,natural gas   power making;natural gas & power making,grant hugh,sacramento plant
306,yellow caution tag,18,18,26.53K,26.53K,0,FALSE,0,3,5,2,780,8.35K,0,safety equipment,cache valley electric co,natural gas   power making,grant hugh,sacramento plant
307,yellow caution tag,18,18,26.53K,26.53K,0,FALSE,0,4,3,2,560,3.56K,0,safety equipment,cache valley electric co,natural gas & power making,grant hugh,sacramento plant
